id,produto,quantidade,preço,data
1,conjunto de panelas,3,60.00,01/01/2024
2,panela de pressão,4,85.00,02/01/2024
3,frigideira antiaderente,2,60.00,03/01/2024
4,faqueiro,3,15.00,04/01/2024
5,tábua de corte de carnes ,5,40.00,05/01/2024
6,chaleira,6,60.00,06/01/2024
7,coador de café,7,30.00,07/01/2024
8,escumadeira,8,23.00,08/01/2024
9,peneiras,9,10.00,09/01/2024
10,colher de pau,1,4.00,10/01/2024
11,colher de silicone,2,12.90,11/01/2024
12,funil,3,25.60,12/01/2024
13,forma com furo no meio,3,110.00,13/01/2024
14,leiteira,2,10.00,14/01/2024
15,cortador de pizza,6,3.40,15/01/2024
16,caçarola,2,20.00,16/01/2024
17,batedor de carne,3,5.50,17/01/2024
18,pegador de macarrão,4,10.20,18/01/2024
19,conchas,1,10.20,19/01/2024
20,pilão,2,40.00,20/01/2024
21,espremedor,6,25.30,21/01/2024
22,saleiro,4,7.00,22/01/2024
23,açucareiro,3,7.00,23/01/2024
24,garfos ,2,10.00,24/01/2024
25,facas,2,10.00,25/01/2024
26,colheres,10,10.00,26/01/2024
27,cafeteira,2,50.20,27/01/2024
28,batedeira,3,170.00,28/01/2024
29,mixer ,3,220.00,29/01/2024
30,micro-ondas,2,450.00,30/01/2024
31,torradeira,1,320.00,31/01/2024
32,forno elétrico,2,550.00,01/02/2024
33,fritadeira elétrica,3,420.00,02/02/2024
34,bandeja,4,23.00,03/02/2024
35,espatula,3,6.00,04/02/2024
36,jarra de suco,2,32.00,05/02/2024
52,saladeira,1,22.10,20/02/2024
53,prato fundo,4,13.00,21/02/2024
54,prato raso,3,11.00,22/02/2024
55,porta guardanapos,2,8.00,23/02/2024
56,xícaras,1,12.00,24/02/2024
57,taça de vinho,2,10.90,25/02/2024
58,copos de vidro,2,3.00,26/02/2024
59,copos de plástico,3,3.00,27/02/2024
60,toalhas de mesa,4,12.00,28/02/2024
61,jogos americanos,5,12.00,01/03/2024
62,aventais,3,32.00,02/03/2024
63,tapetes para cozinha,4,27.00,03/03/2024
64,pano de prato,2,13.00,04/03/2024
65,guardanapo de tecido,4,21.00,05/03/2024
66,potes de vidro,3,38.00,06/03/2024
67,potes de plastico,2,34.00,07/03/2024
68,potes para temperos,7,24.00,08/03/2024
70,tapetes absorventes,5,43.00,10/03/2024
71,lixeira,4,23.00,11/03/2024
76,rodinho,3,12.00,16/03/2024
77,escorredor de louças,2,89.00,17/03/2024
78,descascador de legumes,1,32.00,18/03/2024
79,móvel de madeira,3,21.00,19/03/2024
80,móvel de vidro,4,23.00,20/03/2024
81,janela de madeira,5,120.00,21/03/2024
82,porta de madeira,3,142.00,22/03/2024
83,maçaneta,2,24.00,24/03/2024
85,trinco de porta,3,42.00,25/03/2024
86,chave mestra,1,12.00,27/03/2024
88,janela de vidro,3,320.00,31/01/2024
