id,produto,quantidade,preço,data
1,papel sulfite,2,60.00,01/01/2025
2,caneta esferográfica,1,85.00,02/01/2025
3,lápis,3,60.00,03/01/2025
4,borracha,2,15.00,04/01/2025
5,clips de papel,4,40.00,05/01/2025
6,grampos,2,60.00,06/01/2025
7,grampeador,1,30.00,07/01/2025
8,fita adesiva,2,23.00,08/01/2025
9,tesoura ,3,10.00,09/01/2025
10,marca texto,4,4.00,10/01/2025
11,cadernos,1,12.90,11/01/2025
12,pasta de arquivos,2,25.60,12/01/2025
13,etiquetas,2,110.00,13/01/2025
14,carimbos,1,10.00,14/01/2025
15,almofadas de carimbos,2,3.40,15/01/2025
16,régua,3,20.00,16/01/2025
17,calculadora,4,5.50,17/01/2025
18,papel timbrado,3,10.20,18/01/2025
19,envelopes,2,10.20,19/01/2025
20,cartão de visitas,1,40.00,20/01/2025
21,barraca,2,25.30,21/01/2025
22,isolante térmica,4,7.00,22/01/2025
23,saco de dormir,3,7.00,23/01/2025
24,colchão inflável,5,10.00,24/01/2025
25,lanterna,1,10.00,25/01/2025
26,kit de primeiros socorros,2,10.00,26/01/2025
27,sabonete,4,50.20,27/01/2025
28,shampo,3,170.00,28/01/2025
29,desodorante,1,220.00,29/01/2025
30,perfume,4,450.00,30/01/2025
31,canivete suíço,6,320.00,31/01/2025
32,repelente de insetos,1,550.00,01/02/2025
33,fogareiro,2,420.00,02/02/2025
34,lençol,1,23.00,03/02/2025
35,caixa de fósforo,2,6.00,04/02/2025
36,mesa drobrável,3,32.00,05/02/2025
52,detergente,2,22.10,20/02/2025
53,colher de pau,3,13.00,21/02/2025
54,kit de ferramentas,4,11.00,22/02/2025
55,bateria,3,8.00,23/02/2025
56,pilhas,9,12.00,24/02/2025
57,extensão elétrica,8,10.90,25/02/2025
58,manteiga 200g,2,3.00,26/02/2025
59,chá 50g,2,3.00,27/02/2025
60,farinha de trigo 1kg,6,12.00,28/02/2025
61,farinha de mandioca 1 kg,4,12.00,01/03/2025
62,óleo de soja 1l,2,32.00,02/03/2025
63,molho de tomate 200 ml,2,27.00,03/03/2025
64,feijão 1kg,1,13.00,04/03/2025
65,macarrão 1kg,2,21.00,05/03/2025
66,arroz 1kg,6,38.00,06/03/2025
67,batata frita congelada,5,34.00,07/03/2025
68,pizza congelada,2,24.00,08/03/2025
70,pão de forma 200g,5,43.00,10/03/2025
71,rap 10 200g,1,23.00,11/03/2025
76,danone,2,12.00,16/03/2025
77,banana 1kg,3,89.00,17/03/2025
78,maçã 1kg,3,32.00,18/03/2025
79,uvas 1kg,3,21.00,19/03/2025
80,morangos 1kg,5,23.00,20/03/2025
81,carne de sol 1kg,2,120.00,21/03/2025
82,esponja de lavar louças,6,142.00,22/03/2025
83,detergente,2,24.00,24/03/2025
85,pão francês 1kg,2,42.00,25/03/2025
86,pão bisnaguinha 300g,3,12.00,27/03/2025
88,sucrilhos ,5,320.00,31/01/2025
